citing_title	cited_title	abs_abs	context_context	citing_context_cited_abs	Category
School Firearm Violence Prevention Practices and Policies: Functional or Folly?	Parents’ Expectations of High Schools in Firearm Violence Prevention	0.23727548122406006	0.26232603192329407	0.1845134049654007	good
Arming Schoolteachers: What Do We Know? Where Do We Go From Here?	Parents’ Expectations of High Schools in Firearm Violence Prevention	0.21021467447280884	0.2698381245136261	0.18182361125946045	good
A Scoping Review of Police Involvement in School Crisis Response for Mental Health Emergencies	Parents’ Expectations of High Schools in Firearm Violence Prevention	0.21635682880878448	0.2502710819244385	0.19425255060195923	good
A Scoping Review of Police Involvement in School Crisis Response for Mental Health Emergencies	Parents’ Expectations of High Schools in Firearm Violence Prevention	0.21635682880878448	0.21454693377017975	0.166106179356575	good
Teacher Preparedness for School Shootings: A Qualitative Design and Development Model Use Case Study	Parents’ Expectations of High Schools in Firearm Violence Prevention	0.2073114663362503	0.3178328573703766	0.13812902569770813	neutral
PUBLIC SCHOOL SAFETY AND INTERVENTION PROGRAM IMPROVEMENT PARTICIPATORY ACTION RESEARCH	Parents’ Expectations of High Schools in Firearm Violence Prevention	0.21989531815052032	0.484384149312973	0.17823900282382965	good
Outcome of Vacuum Assisted Dressing in Open Comminuted Tibial Fracture with Primary Fixation	Parents’ Expectations of High Schools in Firearm Violence Prevention	0.17467541992664337	0.07634305208921432	0.12087637186050415	bad
PENERAPAN MODEL GUIDED CONTEXT-AND PROBLEM-BASED LEARNING	Parents’ Expectations of High Schools in Firearm Violence Prevention	0.18862080574035645	0.14155109226703644	0.11440873891115189	bad